timestamp,open,high,low,close,volume,trade_count,buy_volume,sell_volume
1773552900,0.00003688503824889199,0.000041862554592362844,0.0000268270971998106,0.000030752679264770346,25993.796727054883,0,0,0
1773553200,0.000030752679264770346,0.00009154790780064054,0.000029008843903311676,0.00008350943973799483,148586.2554824414,0,0,0
1773553500,0.00008350943973799483,0.00012492822434411407,0.00003666577019237324,0.00010966208835121848,84605.75842435946,0,0,0
1773553800,0.00010966208835121848,0.00016340478555824678,0.00008846233474469848,0.00014970539869663132,92215.57229481603,0,0,0
1773554100,0.00014970539869663132,0.00016619954520967522,0.00010352964125567358,0.00011127788353685053,75598.35367631952,0,0,0
1773554400,0.00011127788353685053,0.00015480772738778132,0.00007482743661322895,0.00011354576624827051,87803.98246250089,0,0,0
1773554700,0.00011354576624827051,0.0001535622071704829,0.00009626479891817273,0.00013824396748108968,57941.75181566847,0,0,0
1773555000,0.00013824396748108968,0.00020818003217932182,0.00010835466829684427,0.00018389505268296533,95705.0822713284,0,0,0
1773555300,0.00018389505268296533,0.00029532429902140884,0.00017404339313018674,0.00024585615015047563,135624.414979346,0,0,0
1773555600,0.00024585615015047563,0.0003329528007921592,0.0002169833149077309,0.00026411564443383343,103388.74679640759,0,0,0
1773555900,0.00026411564443383343,0.00029930598493484254,0.000237938360085694,0.00024515663489329273,49638.244940007375,0,0,0
1773556200,0.00024515663489329273,0.000267633916130458,0.00021680259212393516,0.00022725352181505963,45312.62379589915,0,0,0
1773556500,0.00022725352181505963,0.000245785871758123,0.00018985860482231137,0.00021327594319743633,51448.301290736155,0,0,0
1773556800,0.00021327594319743633,0.00022785221564165542,0.00017598448304367444,0.00018297234480943306,37128.94550000949,0,0,0
1773557100,0.00018297234480943306,0.00020094468929931011,0.0001572106321237249,0.00017521801926348278,53258.03235896435,0,0,0
1773557400,0.00017521801926348278,0.00018927798265160934,0.00011728425492601926,0.000148759123181301,51467.74663556102,0,0,0
1773557700,0.000148759123181301,0.00016699314199413598,0.00013663954783485092,0.00016173965714912097,21353.17473308117,0,0,0
1773558000,0.00016173965714912097,0.0001663993462299016,0.0001205890937036688,0.00013197849770881005,25020.130755993854,0,0,0
1773558300,0.00013197849770881005,0.00013772288877917057,0.00011452410524756552,0.00013543086425361802,23006.71429334287,0,0,0
1773558600,0.00013543086425361802,0.0001505806617373106,0.00013168089151777097,0.00014416110995296832,10135.52521296966,0,0,0
1773558900,0.00014416110995296832,0.00014425141649654507,0.00008922014617560262,0.0001079539521270538,31795.398625831556,0,0,0
1773559200,0.0001079539521270538,0.0001260620165686433,0.00010177428077599214,0.00011260846784025107,12359.997975431132,0,0,0
1773559500,0.00011260846784025107,0.00011260846784025107,0.0000831682635863412,0.00009573656688274415,30426.114251621537,0,0,0
1773559800,0.00009573656688274415,0.00010621791142042836,0.00008968116463033531,0.00009499025975316028,12161.258146828026,0,0,0
1773560100,0.00009499025975316028,0.00012923147806721954,0.00009181469303123686,0.00012553679649402716,24984.214913027612,0,0,0
1773560400,0.00012553679649402716,0.00013257793905743488,0.00011210933173482115,0.00011747813936669359,14020.977828259332,0,0,0
1773560700,0.00011747813936669359,0.00011939836506707311,0.00009979998518557603,0.00011470205126522874,9077.532910269847,0,0,0
1773561000,0.00011470205126522874,0.00012465077513053562,0.00010574006732973441,0.00012325109077452294,6327.961877752239,0,0,0
1773561300,0.00012325109077452294,0.00013759143966072406,0.00011675158070089939,0.000119939186267326,7582.371535016077,0,0,0
1773561600,0.000119939186267326,0.00014691307168963132,0.000119939186267326,0.0001325834390183218,10494.496617359762,0,0,0
1773561900,0.0001325834390183218,0.0001598158211843939,0.0001270398103651028,0.00015332369666789242,10336.537697610516,0,0,0
1773562200,0.00015332369666789242,0.00018839706536480136,0.0001496324640472493,0.00017950128964250504,20953.446653350962,0,0,0
1773562500,0.00017950128964250504,0.00019642106801860692,0.0001490982688663926,0.0001562187981248826,24610.64251261472,0,0,0
1773562800,0.0001562187981248826,0.00016507075060493364,0.00013059986024254675,0.00013476534460891016,9426.525111991468,0,0,0
1773563100,0.00013476534460891016,0.00015506909506904086,0.00013175029928196976,0.00014485774200083602,9689.185549353808,0,0,0
1773563400,0.00014485774200083602,0.00014692329093027117,0.00010975741236093105,0.0001323005621973858,12600.726487968204,0,0,0
1773563700,0.0001323005621973858,0.00013881897427770183,0.00011294388139759925,0.00011470546368620702,10297.268579334062,0,0,0
1773564000,0.00011470546368620702,0.0001247916149770298,0.00010268446260805318,0.00011578334856393028,7612.018115847627,0,0,0
1773564300,0.00011578334856393028,0.00014115449896319593,0.00011458061075485732,0.00012717634628135329,6056.9967278826525,0,0,0
1773564600,0.00012717634628135329,0.00014315929273611943,0.0001245447866401446,0.00013379023553526737,3805.6394851052473,0,0,0
1773564900,0.00013379023553526737,0.00013446012155438015,0.00011441232828220116,0.00011818131857063907,5560.464281597422,0,0,0
1773565200,0.00011818131857063907,0.00014542425296874996,0.0001150309668885861,0.0001408187091226098,5037.678144600287,0,0,0
1773565500,0.0001408187091226098,0.00017200731187748137,0.00013902020620274973,0.00016594093571317185,10690.771532330627,0,0,0
1773565800,0.00016594093571317185,0.00017405012948396422,0.0001612668926367287,0.0001730948004326859,6374.269694193476,0,0,0
1773566100,0.0001730948004326859,0.0001730948004326859,0.00013641690792694884,0.00015219456725957934,11220.486134106437,0,0,0
1773566400,0.00015219456725957934,0.0001566408841587659,0.0001236642721359059,0.00013274655269786544,5990.132360414157,0,0,0
1773566700,0.00013274655269786544,0.0001425151049024007,0.00012267198189753646,0.00013852625088640186,4086.823131802386,0,0,0
1773567000,0.00013852625088640186,0.00014585292354497034,0.00013297569174172677,0.00013532862238998286,2494.0178308363506,0,0,0
1773567300,0.00013532862238998286,0.00015082000506776397,0.0001330677889711585,0.0001461721115148625,5779.483066057256,0,0,0
1773567600,0.0001461721115148625,0.00015770664422723145,0.00013821171721716875,0.00014269915262399603,5145.888523787461,0,0,0
1773567900,0.00014269915262399603,0.00015575811282776515,0.00012754640299856415,0.00015112665474700075,3677.7049206239935,0,0,0
1773568200,0.00015112665474700075,0.00015721144267067557,0.00013600852713580288,0.00015598608531811956,3275.441165368481,0,0,0
1773568500,0.00015598608531811956,0.00016578541314101006,0.00015030871004050955,0.0001563081977164919,4789.241175499017,0,0,0
1773568800,0.0001563081977164919,0.0001592293676209468,0.0001455040803200926,0.00014833131756794994,2696.588550501659,0,0,0
1773569100,0.00014833131756794994,0.00015731287974590652,0.00012657714145648797,0.00015731287974590652,5782.227056591188,0,0,0
1773569400,0.00015731287974590652,0.00024156615667731888,0.00015731287974590652,0.0002129222536831724,23084.777699564624,0,0,0
1773569700,0.0002129222536831724,0.0002636373896148247,0.00020084808329625872,0.00025416161285251465,11539.019943625479,0,0,0
1773570000,0.00025416161285251465,0.0002565935176333374,0.00020712678496250848,0.0002220523262861854,19301.823548582706,0,0,0
1773570300,0.0002220523262861854,0.0002654224602273208,0.0002179403272275613,0.00024520172233899153,6214.971360550072,0,0,0
1773570600,0.00024520172233899153,0.00025763867155779974,0.00022579150707730626,0.00022889764359364462,4975.774414763916,0,0,0
1773570900,0.00022889764359364462,0.00024860382101626687,0.00022007560771212682,0.00023435459220790371,4925.758371421422,0,0,0
1773571200,0.00023435459220790371,0.0002592283011269134,0.0001659303323974412,0.00018271361097203155,28015.15621756939,0,0,0
1773571500,0.00018271361097203155,0.00020969439485051374,0.00017364202176727855,0.0001740109758036452,10400.167752989222,0,0,0
1773571800,0.0001740109758036452,0.00023588564289305308,0.0001740109758036452,0.00023047491422400476,9855.835711319927,0,0,0
1773572100,0.00023047491422400476,0.00023972636057042703,0.00018315670152181275,0.0001905553960177447,12782.309038134377,0,0,0
1773572400,0.0001905553960177447,0.00021741368403284194,0.00018195467658483168,0.00021542253947532975,5692.409813987859,0,0,0
1773572700,0.00021542253947532975,0.00022243161274509342,0.00019937688048595294,0.00021361879891536908,5321.510544019548,0,0,0
1773573000,0.00021361879891536908,0.00027561605652727105,0.00020489840830092802,0.0002716511898556175,10570.27628764094,0,0,0
1773573300,0.0002716511898556175,0.000280375303257779,0.0002389705180870102,0.000264145881230944,12124.378282476373,0,0,0
1773573600,0.000264145881230944,0.000272415034153992,0.00023023301100971968,0.00023023301100971968,7064.30787029308,0,0,0
1773573900,0.00023023301100971968,0.000250660604089627,0.00022816273400085913,0.00023474465941745722,3884.6583445383417,0,0,0
1773574200,0.00023474465941745722,0.0002870314824404937,0.00023389307716632004,0.0002784821478393732,8492.182303218193,0,0,0
1773574500,0.0002784821478393732,0.00032438080699318564,0.00027261294671320684,0.000299302204665269,11711.587362231812,0,0,0
1773574800,0.000299302204665269,0.0003190496446514483,0.00026831620895033425,0.0002962478372673687,14058.211069632844,0,0,0
1773575100,0.0002962478372673687,0.0003101340533378357,0.00025001269387517344,0.000256216063455276,20995.48386821955,0,0,0
1773575400,0.000256216063455276,0.0002956105026411752,0.0002465090077110327,0.000284302254114385,7486.491941607095,0,0,0
1773575700,0.000284302254114385,0.0003811528740398087,0.0002800898134282272,0.00033041668553777926,32182.38585779607,0,0,0
1773576000,0.00033041668553777926,0.0003724870051453701,0.00030711050346766185,0.000354956314576289,20946.966607735605,0,0,0
1773576300,0.000354956314576289,0.00035772699739779185,0.0003183975655088157,0.0003555490175879887,14133.505987838926,0,0,0
1773576600,0.0003555490175879887,0.00041201354801033934,0.00032907507939280723,0.0003411722719244919,33765.08391035233,0,0,0
1773576900,0.0003411722719244919,0.00037190966604353117,0.00033394265790359407,0.0003349675589752084,12145.305457173556,0,0,0
1773577200,0.0003349675589752084,0.0003920178868591688,0.00032645714404576766,0.0003719783110650506,11374.541881037345,0,0,0
1773577500,0.0003719783110650506,0.0004073734262922474,0.0003666108208728566,0.0003997719468061633,17773.67136382065,0,0,0
1773577800,0.0003997719468061633,0.0004768187982540483,0.00037446225447753057,0.00047136174713758867,26692.200581507852,0,0,0
1773578100,0.00047136174713758867,0.0005078905104052729,0.00042730227097312817,0.00045382074159449666,24589.18056051823,0,0,0
1773578400,0.00045382074159449666,0.0004776063927332136,0.00038335945928341295,0.0004115614697632367,27395.536754279994,0,0,0
1773578700,0.0004115614697632367,0.0004551390626563167,0.0003856367486406124,0.000392739863889394,14730.388533750573,0,0,0
1773579000,0.000392739863889394,0.0003959283941412649,0.00031382175700605587,0.0003799625312908499,20828.914294403716,0,0,0
1773579300,0.0003799625312908499,0.00042470963818228615,0.00036116424127364774,0.00036691987686749946,18441.634999681308,0,0,0
1773579600,0.00036691987686749946,0.00039693341704875943,0.0003578656015244556,0.00036466334074498473,7182.047123627422,0,0,0
1773579900,0.00036466334074498473,0.00037681798559440047,0.00033300549761273453,0.0003651035342105686,11333.348065465594,0,0,0
1773580200,0.0003651035342105686,0.00037037134399212833,0.00033680706474445595,0.0003450974946698976,5573.475712336441,0,0,0
1773580500,0.0003450974946698976,0.0004032116976633758,0.00034431103178343095,0.0004032116976633758,11206.65271957091,0,0,0
1773580800,0.0004032116976633758,0.00043800505376527434,0.0003721350517629483,0.00042345212759003077,19016.168234520155,0,0,0
1773581100,0.00042345212759003077,0.00042467392992610105,0.00037153855707069885,0.0003800311738899403,9643.756688200148,0,0,0
1773581400,0.0003800311738899403,0.00042074043941945944,0.0003731342672609366,0.0004121838314190422,7612.275733456166,0,0,0
1773581700,0.0004121838314190422,0.000417065219550116,0.00035412853488900656,0.00037513958349935,8842.75068547015,0,0,0
1773582000,0.00037513958349935,0.0003839478609346136,0.0003402225116133475,0.00038186376856802614,10535.600398776716,0,0,0
1773582300,0.00038186376856802614,0.00039043775044673523,0.00035279469829995835,0.00037083134684627584,5417.364363324979,0,0,0
1773582600,0.00037083134684627584,0.00038704074376424253,0.0003305915172269871,0.0003312261955567701,8353.870006141942,0,0,0
1773582900,0.0003312261955567701,0.00034329405945980645,0.0003103244223887725,0.00033345108089127807,5973.2367179184475,0,0,0
1773583200,0.00033345108089127807,0.0003447403894441979,0.0002952239242832441,0.0003005110608870035,7199.886120731241,0,0,0
1773583500,0.0003005110608870035,0.00032075054155291516,0.00029360651301543164,0.00031739649241284716,6031.161091472393,0,0,0
1773583800,0.00031739649241284716,0.00033653130266418147,0.0003122276761316519,0.0003124293258984571,4676.435051672301,0,0,0
1773584100,0.0003124293258984571,0.0003441520338415455,0.00031084013750116583,0.00034076748734511436,4274.9793084338235,0,0,0
1773584400,0.00034076748734511436,0.00034205134989028554,0.00030702923433826006,0.00031256675063309324,3632.2029291408444,0,0,0
1773584700,0.00031256675063309324,0.0003350309937133054,0.000307483624649747,0.0003275321850516957,3063.7321754421214,0,0,0
1773585000,0.0003275321850516957,0.0003579967054824661,0.0003258339959825107,0.00034990836169718366,5645.5969308826425,0,0,0
1773585300,0.00034990836169718366,0.00035458701845921003,0.00029002084503911853,0.0003015342055630288,8895.188342301233,0,0,0
1773585600,0.0003015342055630288,0.0003026898487590492,0.00025525422632193006,0.0002994139012301321,21542.261626222364,0,0,0
1773585900,0.0002994139012301321,0.0003298075191590923,0.00029480206959324603,0.0003176298851855847,12856.585245957633,0,0,0
1773586200,0.0003176298851855847,0.0003218980398179837,0.00027138041521974167,0.0002751603184885822,7083.042261051284,0,0,0
1773586500,0.0002751603184885822,0.0002959293381923966,0.0002714929433181265,0.000284594070352283,4597.264783013614,0,0,0
1773586800,0.000284594070352283,0.0002862881226278726,0.00024603113860972305,0.0002538644584125014,15611.330949728046,0,0,0
1773587100,0.0002538644584125014,0.00027740206444780934,0.00025091400875167856,0.0002757581987150017,4571.114149224427,0,0,0
1773587400,0.0002757581987150017,0.0002770230017981638,0.00025303636411959986,0.00026379324097156113,3099.270896877728,0,0,0
1773587700,0.00026379324097156113,0.0002749933797261955,0.0002534365093682525,0.0002648281420877599,5526.09061821092,0,0,0
1773588000,0.0002648281420877599,0.0002759841984778761,0.0002554660019228397,0.00026941971151580837,2511.008092660799,0,0,0
1773588300,0.00026941971151580837,0.00027509673428157463,0.00025780635579440063,0.000270523282050765,1937.9673775939016,0,0,0
1773588600,0.000270523282050765,0.0002792288860194861,0.00026961582180964194,0.00027749568227557816,2130.548833577996,0,0,0
1773588900,0.00027749568227557816,0.0003149162941164374,0.00027749568227557816,0.00029375823191956713,5925.047145699522,0,0,0
1773589200,0.00029375823191956713,0.00034308618758512423,0.00029375823191956713,0.00034308618758512423,6736.174630932269,0,0,0
1773589500,0.00034308618758512423,0.00035645932656654377,0.000312212011320767,0.0003190527606019548,12856.241568306632,0,0,0
1773589800,0.0003190527606019548,0.0003556143840577458,0.00031743896580001106,0.0003178589774472785,8259.533712971615,0,0,0
1773590100,0.0003178589774472785,0.00033300557282027666,0.00029739061051545104,0.000329856377345764,5511.716640315712,0,0,0
1773590400,0.000329856377345764,0.0003311397973936317,0.0002969091282540703,0.0003017190724024248,5258.864470357772,0,0,0
1773590700,0.0003017190724024248,0.0003535750495640761,0.000294190928964573,0.0003535750495640761,4142.385157257792,0,0,0
1773591000,0.0003535750495640761,0.0004057751750922266,0.00034604197739290186,0.0003998940894279898,14187.081338305274,0,0,0
1773591300,0.0003998940894279898,0.00040084181882901174,0.0003624503015806026,0.00038003350159090645,11282.048342535709,0,0,0
1773591600,0.00038003350159090645,0.0003814439362761359,0.00034787150297803246,0.0003536955427889595,4583.262484498837,0,0,0
1773591900,0.0003536955427889595,0.00037661019951540283,0.0003412806734979971,0.00034746672924390983,6758.634154800375,0,0,0
1773592200,0.00034746672924390983,0.00038219027119261055,0.0003313044507073906,0.00036633875933353037,4414.506078295896,0,0,0
1773592500,0.00036633875933353037,0.0004563826988076744,0.0003594375017428584,0.0004342043069215518,13710.063619565322,0,0,0
1773592800,0.0004342043069215518,0.00045318880857651844,0.0004051411429129655,0.0004304689524113795,16497.007892325124,0,0,0
1773593100,0.0004304689524113795,0.0004792018471567154,0.0004182570958724938,0.0004625393564921201,14163.976454797052,0,0,0
1773593400,0.0004625393564921201,0.0006432079333979947,0.0004382241470831206,0.0005516870486453268,39838.4273360123,0,0,0
1773593700,0.0005516870486453268,0.0006030562395905031,0.0005136659770351149,0.0005738510582710957,38791.65087005779,0,0,0
1773594000,0.0005738510582710957,0.0005963292246979973,0.0005069749368192016,0.0005337546443498933,13568.676647457864,0,0,0
1773594300,0.0005337546443498933,0.0005642582273317132,0.0004931254088487246,0.0005163467329500601,19473.138272967928,0,0,0
1773594600,0.0005163467329500601,0.0005721434191724821,0.0005033415157338545,0.0005198526910773081,10479.29766112993,0,0,0
1773594900,0.0005198526910773081,0.0005806339686280219,0.0005078959155527208,0.0005576935803034162,8342.470399387157,0,0,0
1773595200,0.0005576935803034162,0.0007382251957233712,0.0005576935803034162,0.0007243371329556118,41636.2048956472,0,0,0
1773595500,0.0007243371329556118,0.0007251889410012549,0.0006129911011045949,0.000641800438897718,25955.323444463436,0,0,0
1773595800,0.000641800438897718,0.0006760281177800745,0.0005986197735257255,0.0006165721055667894,16818.34977152033,0,0,0
1773596100,0.0006165721055667894,0.0006602763622272299,0.0005697991870104181,0.0006512410668099678,16611.029409681247,0,0,0
1773596400,0.0006512410668099678,0.0007377572444704295,0.0006512410668099678,0.0007274475190354076,17980.454392676893,0,0,0
1773596700,0.0007274475190354076,0.0007431837192795753,0.0006161744590135643,0.0006750116571555979,22076.701193950437,0,0,0
1773597000,0.0006750116571555979,0.0008106438728024454,0.0006715142998333581,0.0007584281255817815,36197.77176175168,0,0,0
1773597300,0.0007584281255817815,0.0009219024810062499,0.0007550441466245561,0.0008191283160388018,104600.51887075778,0,0,0
1773597600,0.0008191283160388018,0.0012522948009926094,0.0008005156490216984,0.001020205753659117,141116.90276150563,0,0,0
1773597900,0.001020205753659117,0.0011088890052172176,0.0009663731049611759,0.0010202987843511058,64601.49212391942,0,0,0
1773598200,0.0010202987843511058,0.0010342670134311375,0.0008883574960730787,0.0009506577383355096,37853.3755662561,0,0,0
1773598500,0.0009506577383355096,0.0009764966873186474,0.0008677115477252218,0.0009101419575372197,19338.903213034893,0,0,0
1773598800,0.0009101419575372197,0.000986939988168979,0.0008806361085962928,0.0009263367195637425,36397.325272763905,0,0,0
1773599100,0.0009263367195637425,0.0010517672608694266,0.0008914723569262411,0.001016856434865684,38513.650406704466,0,0,0
1773599400,0.001016856434865684,0.0011491114269143515,0.0009982568719914652,0.0011235831402236238,40994.61649437814,0,0,0
1773599700,0.0011235831402236238,0.0011375010770578071,0.0010154473424295294,0.001029821501555993,25384.439540356663,0,0,0
1773600000,0.001029821501555993,0.0010540644539034582,0.0009577778218069477,0.0009762768814153736,16913.285759440878,0,0,0
1773600300,0.0009762768814153736,0.0009881869759807334,0.0009114602914002999,0.0009193900073290929,15073.216609227235,0,0,0
1773600600,0.0009193900073290929,0.0009841760857170361,0.0009057144078113045,0.0009312743981941034,15104.02069049576,0,0,0
1773600900,0.0009312743981941034,0.0009770850340625964,0.0007608798006095564,0.000802821769726527,35349.90515723088,0,0,0
1773601200,0.000802821769726527,0.0008603935060830974,0.0007480869963941484,0.0008157658513823791,31619.11535617523,0,0,0
1773601500,0.0008157658513823791,0.0008754425699104976,0.0007682455983919504,0.0008565138120926333,22058.448020207816,0,0,0
1773601800,0.0008565138120926333,0.0008743518448210178,0.0007916878120580573,0.0008288586247707094,9542.594262185068,0,0,0
1773602100,0.0008288586247707094,0.0008859267480326604,0.0008157041423849226,0.000874546926047036,9982.118447613979,0,0,0
1773602400,0.000874546926047036,0.0008757108185929422,0.0008095810896578357,0.0008372808797285364,9019.970683564672,0,0,0
1773602700,0.0008372808797285364,0.0008777868952550686,0.0007819554766739342,0.0008265019369275979,11911.433758059631,0,0,0
1773603000,0.0008265019369275979,0.0009787884025957477,0.0008042550224084518,0.0009225832378384159,14013.581787923116,0,0,0
1773603300,0.0009225832378384159,0.0009957274829991264,0.00083752956459606,0.00086770591864266,18649.311088303104,0,0,0
1773603600,0.00086770591864266,0.0009015019653107121,0.0008397730598858743,0.0008805417573893619,8731.701971345336,0,0,0
1773603900,0.0008805417573893619,0.0008928559201465203,0.0008143781444321214,0.0008313792303335264,5835.46683744387,0,0,0
1773604200,0.0008313792303335264,0.000858221459500868,0.000784328674347768,0.0008556783300459965,8946.695445641903,0,0,0
1773604500,0.0008556783300459965,0.0008587062352988985,0.0006758777881385863,0.0007235963271965004,25174.970268525827,0,0,0
1773604800,0.0007235963271965004,0.0007623686208402288,0.0006383868777830986,0.0007201943064377057,26874.988558637,0,0,0
1773605100,0.0007201943064377057,0.0007555397999596303,0.0006576261740621995,0.0007426178693380491,15779.080068760952,0,0,0
1773605400,0.0007426178693380491,0.0007433540081816164,0.0005960542462960616,0.000634212258114088,35295.38183244933,0,0,0
1773605700,0.000634212258114088,0.0006767196747872181,0.0006132255421577344,0.0006696711707658083,16081.601053015114,0,0,0
1773606000,0.0006696711707658083,0.0007293892232584333,0.0006597345254080188,0.0007187487442175274,16918.132845060267,0,0,0
1773606300,0.0007187487442175274,0.0007278062979457202,0.000679485000080844,0.0007065977069033107,10864.79752562519,0,0,0
1773606600,0.0007065977069033107,0.0007619985779284303,0.0006946857995900985,0.000707456606790727,8090.451280544834,0,0,0
1773606900,0.000707456606790727,0.0008131549040864142,0.0007001963889178115,0.0007912991270387874,12498.431729572781,0,0,0
1773607200,0.0007912991270387874,0.0008285694742768182,0.0007773098242818327,0.0008173379808197109,8613.955380655822,0,0,0
1773607500,0.0008173379808197109,0.0009042945450412191,0.0007931611765718615,0.0009021257791022029,16444.304619988376,0,0,0
1773607800,0.0009021257791022029,0.0009158941759445105,0.0008260586596677047,0.0008949000962266517,11300.714866604745,0,0,0
1773608100,0.0008949000962266517,0.0009053936918918732,0.0008276421131999454,0.0008433563849852171,6066.478850076832,0,0,0
1773608400,0.0008433563849852171,0.0008438808363972799,0.0007978150438059027,0.0008356227030429232,6026.052845825211,0,0,0
1773608700,0.0008356227030429232,0.0008537115695179247,0.0008107727451087772,0.0008537115695179247,4315.765482230236,0,0,0
1773609000,0.0008537115695179247,0.0009912769078581133,0.0008377942586923595,0.0009893210580506984,16415.392833837286,0,0,0
1773609300,0.0009893210580506984,0.0010858336685937143,0.0009316358723861932,0.0010683558347271724,22661.21164320686,0,0,0
1773609600,0.0010683558347271724,0.0010805663274825999,0.0009713319135212534,0.0010525087273161762,17952.965342801377,0,0,0
1773609900,0.0010525087273161762,0.0010621245336670218,0.0008984694855356381,0.0009372280629750959,20080.169032756447,0,0,0
1773610200,0.0009372280629750959,0.0013486601916845853,0.0009102201837532054,0.0009535688376399876,13979.952277981774,0,0,0
1773610500,0.0009535688376399876,0.0010633235685321987,0.000935846611380435,0.0010183064799279163,13144.586250642356,0,0,0
1773610800,0.0010183064799279163,0.001019363348498215,0.0009196896636943319,0.0009776226595343996,18038.067642125403,0,0,0
1773611100,0.0009776226595343996,0.001120769368120726,0.0009735673206399773,0.001060140969020844,29525.0775769693,0,0,0
1773611400,0.001060140969020844,0.001399829249481526,0.0010477167548383476,0.0012168210955800307,72083.53264736194,0,0,0
1773611700,0.0012168210955800307,0.0013345548193192751,0.0011658108584816824,0.0012545453513854753,36849.84849127177,0,0,0
1773612000,0.0012545453513854753,0.001325507285035358,0.0011342120176158997,0.0012391691854194895,17837.188352816338,0,0,0
1773612300,0.0012391691854194895,0.00127852988592015,0.001079502870865095,0.001193411970282966,39538.75217056442,0,0,0
1773612600,0.001193411970282966,0.00130897770205299,0.0011794017221682187,0.0012816502517067109,21815.3465807048,0,0,0
1773612900,0.0012816502517067109,0.0012988508590217453,0.0011576016805523181,0.001216535744036331,11734.902724133812,0,0,0
1773613200,0.001216535744036331,0.001216535744036331,0.0010828481206880286,0.0011007193247080157,12816.166513389844,0,0,0
1773613500,0.0011007193247080157,0.0011989984282755543,0.0010234368563564367,0.0011226466942105824,17490.68159759987,0,0,0
1773613800,0.0011226466942105824,0.0011485729028022358,0.0010547416045841897,0.0011335584038130798,8311.967695725696,0,0,0
1773614100,0.0011335584038130798,0.0011669793229902923,0.0010825191986065916,0.0011541617278537232,5252.353075348129,0,0,0
1773614400,0.0011541617278537232,0.001184895084508439,0.0010761886425165678,0.0010771132634101036,6933.777809382257,0,0,0
1773614700,0.0010771132634101036,0.0011142722412223194,0.001056332413468956,0.0010632326818246806,6027.0530504230255,0,0,0
1773615000,0.0010632326818246806,0.0010727730384674425,0.0010175854859066854,0.001053093303352278,8056.790445178344,0,0,0
1773615300,0.001053093303352278,0.0010646289160252246,0.0010090902331321198,0.0010621642352540359,7584.980189837143,0,0,0
1773615600,0.0010621642352540359,0.001069237091955594,0.0010279246857690522,0.001042368268762774,2832.996419191364,0,0,0
1773615900,0.001042368268762774,0.001096243385953143,0.0009750796426441862,0.0010801259843856233,12380.017941519836,0,0,0
1773616200,0.0010801259843856233,0.001339389676957484,0.0010535525656501744,0.001318081051141062,29654.238746514402,0,0,0
1773616500,0.001318081051141062,0.0015227209530133171,0.001286254425279312,0.0014745173815588289,77109.86987442093,0,0,0
1773616800,0.0014745173815588289,0.0014999757890630128,0.0013342232946896427,0.0013648041657993069,33682.53140589607,0,0,0
1773617100,0.0013648041657993069,0.0015558747134755467,0.0013398366184471373,0.0015424724357672207,31822.9657470223,0,0,0
1773617400,0.0015424724357672207,0.0016858611667570126,0.0014548352112511184,0.0016687968643307601,42477.15135901438,0,0,0
1773617700,0.0016687968643307601,0.0016695598548446937,0.001461604999720104,0.0015203141690070523,29192.37710425071,0,0,0
1773618000,0.0015203141690070523,0.0015463963940273858,0.0014183836850300453,0.0015330229222797447,20127.086427651975,0,0,0
1773618300,0.0015330229222797447,0.0015493679873352035,0.0013807306943988279,0.00140262069452387,12151.725727160821,0,0,0
1773618600,0.00140262069452387,0.001465787826583918,0.0013555802121630537,0.0013760189883568422,10042.056429084234,0,0,0
1773618900,0.0013760189883568422,0.0014711232836632632,0.001302162105020421,0.0014524295898017056,19371.28743988624,0,0,0
1773619200,0.0014524295898017056,0.0015463889465423502,0.0014524295898017056,0.001507822738593791,11284.364213512205,0,0,0
1773619500,0.001507822738593791,0.0015129935774833533,0.001413356920306327,0.0014925286154989109,8148.512682458058,0,0,0
1773619800,0.0014925286154989109,0.00163384700315281,0.0014899498348023735,0.0015977526911849906,8439.772865819232,0,0,0
1773620100,0.0015977526911849906,0.0017231506318064575,0.0013682718321497563,0.0015553579851232393,40401.900107044836,0,0,0
1773620400,0.0015553579851232393,0.0015671897449025536,0.0014229759625007338,0.0014404341060277512,10052.291881587063,0,0,0
1773620700,0.0014404341060277512,0.0014490775115028115,0.0012825519358453173,0.0013492486827179826,22128.933731827074,0,0,0
1773621000,0.0013492486827179826,0.0014447748183758543,0.0013209159416522024,0.001423456076640508,8826.343071894597,0,0,0
1773621300,0.001423456076640508,0.001537155445909213,0.001417035377959248,0.001483338795546125,11432.843433946256,0,0,0
1773621600,0.001483338795546125,0.0017090051070794258,0.0014625456717910084,0.0016620437538403148,19450.900776285802,0,0,0
1773621900,0.0016620437538403148,0.0017981298565900986,0.0016151783984779259,0.0016182810519490296,25717.059267657052,0,0,0
1773622200,0.0016182810519490296,0.0016205536120586482,0.001470599136009995,0.0015835195379398112,23789.42104275247,0,0,0
1773622500,0.0015835195379398112,0.0016991864881735865,0.001552730346012197,0.0016389363139130743,10908.257196535538,0,0,0
1773622800,0.0016389363139130743,0.0016789977058140905,0.0015252323779099666,0.0015546632959076688,12748.6009446165,0,0,0
1773623100,0.0015546632959076688,0.0016947304961996504,0.00154330260473212,0.0016370673305887403,14564.586901317894,0,0,0
1773623400,0.0016370673305887403,0.0016496525728241372,0.0015344209303205594,0.0016234086465746038,10684.249170883326,0,0,0
1773623700,0.0016234086465746038,0.001729988470816634,0.0015898885003010016,0.0017088263865849224,14879.960227287027,0,0,0
1773624000,0.0017088263865849224,0.0020348766137252305,0.0016929741691321916,0.0019901683031359712,58013.04218216332,0,0,0
1773624300,0.0019901683031359712,0.002001424196586222,0.0018803446209843262,0.0019818697721899134,22502.94024358119,0,0,0
1773624600,0.0019818697721899134,0.001982502954680545,0.0017514005941694387,0.0018521867430585136,27303.917174141687,0,0,0
1773624900,0.0018521867430585136,0.0018943018581650544,0.0017323594514835905,0.0018056581684624097,20730.473274808446,0,0,0
1773625200,0.0018056581684624097,0.0019729427485330863,0.0017771791060082552,0.0019006502857322753,14722.415355426116,0,0,0
1773625500,0.0019006502857322753,0.0019297506842919662,0.001821408735523897,0.0018317613672143216,11794.005549953918,0,0,0
1773625800,0.0018317613672143216,0.0018453991353870756,0.0017345735136293761,0.001813971968270714,18911.075789425024,0,0,0
1773626100,0.001813971968270714,0.0019379448886364622,0.001813971968270714,0.0018959597131169123,10091.446314156794,0,0,0
1773626400,0.0018959597131169123,0.001956505481568332,0.0018088086327328863,0.0018623206153817904,14689.681546879245,0,0,0
1773626700,0.0018623206153817904,0.0018796599587808617,0.001617248811429641,0.0016844582355976339,26766.47351507738,0,0,0
1773627000,0.0016844582355976339,0.0017331902303542716,0.001632335650070106,0.001668786574419376,17084.218553465773,0,0,0
1773627300,0.001668786574419376,0.001668786574419376,0.001528104587807166,0.0015518463023189116,19978.930037274873,0,0,0
1773627600,0.0015518463023189116,0.0016837459907077168,0.0014913407038866528,0.0016370345277335057,13299.277778127944,0,0,0
1773627900,0.0016370345277335057,0.001665939419688645,0.0014584286819172506,0.0015185660867849914,14006.052129614769,0,0,0
1773628200,0.0015185660867849914,0.001580709443163671,0.00142166766213678,0.0014590441268091173,21177.530857000485,0,0,0
1773628500,0.0014590441268091173,0.001520742046627735,0.001376188435684611,0.0015065300941770644,13500.33899258258,0,0,0
1773628800,0.0015065300941770644,0.0015542706359821113,0.001473494475162458,0.0015219095864087342,4479.098653084394,0,0,0
1773629100,0.0015219095864087342,0.0016378341280251902,0.0014977585762783812,0.0015926409142393337,11832.192818453357,0,0,0
1773629400,0.0015926409142393337,0.0016766885312751293,0.0015770147620354806,0.0016671738138140432,7444.264220982648,0,0,0
1773629700,0.0016671738138140432,0.0016872066162561463,0.0015694209474807813,0.0015733273964985744,8196.514137750368,0,0,0
1773630000,0.0015733273964985744,0.0018554583315570977,0.0015533084310613442,0.0018458477112971812,15884.080933204881,0,0,0
1773630300,0.0018458477112971812,0.001891942259362491,0.0016820193922771076,0.0017640236103324334,19851.83776933474,0,0,0
1773630600,0.0017640236103324334,0.0019130073434505512,0.0017108509052792154,0.0018446236851896473,21674.880940304327,0,0,0
1773630900,0.0018446236851896473,0.0018657612848806376,0.0016307218515825145,0.0016499816466582467,10457.987231561521,0,0,0
1773631200,0.0016499816466582467,0.001754230227171893,0.0016470869679412194,0.0016849149341295036,8783.99321363862,0,0,0
1773631500,0.0016849149341295036,0.0017206730987599354,0.0015975626199717324,0.0016414065936206626,14968.897371030802,0,0,0
1773631800,0.0016414065936206626,0.0016440947183652675,0.0015424665915946898,0.0015905081109964835,5537.38697615227,0,0,0
1773632100,0.0015905081109964835,0.0017871733038743805,0.0015084281216305923,0.0017670850400049243,20826.14121174462,0,0,0
1773632400,0.0017670850400049243,0.0017670850400049243,0.001619072673639236,0.0016814379611365178,10999.563561066134,0,0,0
1773632700,0.0016814379611365178,0.001803194284393963,0.0016814379611365178,0.001795441169357573,12380.591191587326,0,0,0
1773633000,0.001795441169357573,0.001964012691129397,0.0017644111778721044,0.001904492172734391,10225.864113904692,0,0,0
1773633300,0.001904492172734391,0.0019052116150800671,0.0017629220895271015,0.0017815642483911978,6851.331993469649,0,0,0
1773633600,0.0017815642483911978,0.0017845198343668899,0.0017151885929522796,0.0017548247916560683,1912.4373398482683,0,0,0
1773633900,0.0017548247916560683,0.001757667454099863,0.0016940346511836568,0.0017455723832490876,3944.3501348284753,0,0,0
1773634200,0.0017455723832490876,0.0018231147855451593,0.0016765454971230736,0.0016858259209475406,10855.24743007614,0,0,0
1773634500,0.0016858259209475406,0.0017091049277237005,0.0015605356487309956,0.0016901058358623666,13955.58232860069,0,0,0
1773634800,0.0016901058358623666,0.0017274133605859558,0.001587205164421752,0.0016172203701164585,6202.672695586448,0,0,0
1773635100,0.0016172203701164585,0.0016999013675807995,0.0016063747888692315,0.0016381965593631437,3866.035519169683,0,0,0
1773635400,0.0016381965593631437,0.0016500552781285641,0.0014650433582899275,0.0014650433582899275,10787.82942606132,0,0,0
1773635700,0.0014650433582899275,0.0016328686125793009,0.0014330373929853355,0.0015959525724826926,17296.791995122934,0,0,0
1773636000,0.0015959525724826926,0.0016403803558860525,0.0015637790667313602,0.0016181850578599606,3685.9073654723024,0,0,0
1773636300,0.0016181850578599606,0.0016910643283824277,0.001581623997828606,0.0016633020493609669,5574.784949357259,0,0,0
1773636600,0.0016633020493609669,0.0016962352489292376,0.0015752834223807955,0.0015885799286586646,5428.255227275077,0,0,0
1773636900,0.0015885799286586646,0.0015891472840671196,0.0015064165311925522,0.0015230717324951346,3089.7611579506547,0,0,0
1773637200,0.0015230717324951346,0.0015376799886352448,0.0014315590723194287,0.0015376799886352448,10089.937392177184,0,0,0
1773637500,0.0015376799886352448,0.0015619273698963356,0.0015091200850297648,0.001526845541698594,3761.577701830573,0,0,0
1773637800,0.001526845541698594,0.0016072685073030765,0.001526845541698594,0.0015974902823338534,3352.987289047051,0,0,0
1773638100,0.0015974902823338534,0.0015992003851514837,0.0014969223407026884,0.0015143355413460631,2774.0251295643916,0,0,0
1773638400,0.0015143355413460631,0.0015152447193273893,0.0014340639951194733,0.0014760217501087304,5308.551459166285,0,0,0
1773638700,0.0014760217501087304,0.0015087281051264301,0.001443208619912456,0.001476828439910796,5076.656491782211,0,0,0
1773639000,0.001476828439910796,0.0016189922074406648,0.001476828439910796,0.0016005591668416517,4881.277578891928,0,0,0
1773639300,0.0016005591668416517,0.0018161114537927582,0.0016005591668416517,0.0017701892156731821,18357.35188188425,0,0,0
1773639600,0.0017701892156731821,0.001794298891922606,0.0016673152059777908,0.0017054281883725647,10087.431087627177,0,0,0
1773639900,0.0017054281883725647,0.0017157456451149247,0.0016553678426141129,0.0016553678426141129,1510.653228985004,0,0,0
1773640200,0.0016553678426141129,0.0016647360178000334,0.001566233738112889,0.0016647360178000334,6360.614223333668,0,0,0
1773640500,0.0016647360178000334,0.0017055674275076762,0.0016223504099595418,0.0016230829292631446,5828.72281887256,0,0,0
1773640800,0.0016230829292631446,0.0016407304094483745,0.0015556192541917003,0.0015798281052165652,3005.2701301031343,0,0,0
1773641100,0.0015798281052165652,0.0019830372461864,0.0015798281052165652,0.0018970753325306502,26250.383298921686,0,0,0
1773641400,0.0018970753325306502,0.0019614260701331957,0.0017715705397580192,0.0017928234535340168,28532.787776947956,0,0,0
1773641700,0.0017928234535340168,0.0020774545952683965,0.0017768216799258028,0.0019735004786712654,21086.804346040983,0,0,0
1773642000,0.0019735004786712654,0.002160820419601027,0.001734482361939142,0.0019351262842243681,35585.01119814783,0,0,0
1773642300,0.0019351262842243681,0.002091948551224298,0.0019351262842243681,0.002091948551224298,9634.239403686877,0,0,0
1773642600,0.002091948551224298,0.002091948551224298,0.001915236663657983,0.0019698235491265883,8533.123634836724,0,0,0
1773642900,0.0019698235491265883,0.0019929837542493473,0.001871418945029674,0.0019171381647552245,6048.306640946738,0,0,0
1773643200,0.0019171381647552245,0.0019405592703859275,0.0018397955262584305,0.0018883147463811427,5405.241034381678,0,0,0
1773643500,0.0018883147463811427,0.0019907858060631556,0.0018309488633705708,0.0018893589377853566,8042.381782405084,0,0,0
1773643800,0.0018893589377853566,0.0018893589377853566,0.0017996222165146737,0.0018165693984742444,4381.408566145782,0,0,0
1773644100,0.0018165693984742444,0.0018408432936085468,0.0017951384706178393,0.0018002955250071503,3578.1860723061573,0,0,0
1773644400,0.0018002955250071503,0.001817480013303017,0.001749507460914512,0.0017544359150926533,3666.304779190318,0,0,0
1773644700,0.0017544359150926533,0.0017829026141695935,0.0017396021671824535,0.001757515443719713,3465.943649408623,0,0,0
1773645000,0.001757515443719713,0.0017768769154880835,0.0017373928094189107,0.0017448161788281675,874.7173783186086,0,0,0
1773645300,0.0017448161788281675,0.001760735107195223,0.0016866520659036377,0.0017309640857513062,3774.461431043102,0,0,0
1773645600,0.0017309640857513062,0.0017309640857513062,0.0015348691234309613,0.0016214369607035117,12026.971142142293,0,0,0
1773645900,0.0016214369607035117,0.0016738343073925902,0.0015955600050198907,0.0016714749372949561,4932.421473586559,0,0,0
1773646200,0.0016714749372949561,0.0017184948662354,0.0016544017072971087,0.0017144963183312217,1172.831028145487,0,0,0
1773646500,0.0017144963183312217,0.0017144963183312217,0.0016527152925688354,0.001687112130252208,2559.65937227891,0,0,0
1773646800,0.001687112130252208,0.0017091057355384273,0.0016249773405215657,0.0016316996552391484,3082.8438923255894,0,0,0
1773647100,0.0016316996552391484,0.0016410517991774108,0.0015500958124391813,0.0016034582556478615,5503.070278948195,0,0,0
1773647400,0.0016034582556478615,0.001618062326703115,0.0015739960151138518,0.0015739960151138518,1581.8331018420856,0,0,0
1773647700,0.0015739960151138518,0.00164303728786214,0.0015655141207332774,0.00164303728786214,1720.3731248868246,0,0,0
1773648000,0.00164303728786214,0.0017325488609278193,0.00164303728786214,0.0016960353836155218,3293.6324727765573,0,0,0
1773648300,0.0016960353836155218,0.0017026570150819513,0.001538930984981873,0.0015683347575526764,6397.102561088738,0,0,0
1773648600,0.0015683347575526764,0.0015683347575526764,0.0014554353880605957,0.0015012973402686917,8185.316336985013,0,0,0
1773648900,0.0015012973402686917,0.0015104504460798271,0.0014663947537611295,0.0014799495893076259,1703.319372589689,0,0,0
1773649200,0.0014799495893076259,0.001514508868015961,0.0014353538278560082,0.0014577443347180666,5346.040929910541,0,0,0
1773649500,0.0014577443347180666,0.0014577443347180666,0.0012741929538807237,0.0013454404491853654,17129.511128360795,0,0,0
1773649800,0.0013454404491853654,0.0013727183810196507,0.0012998362560632123,0.001346795978451269,7064.912968584947,0,0,0
1773650100,0.001346795978451269,0.0013545929478974929,0.0011915564836340587,0.0012078326458219305,13339.968757579916,0,0,0
1773650400,0.0012078326458219305,0.001317977352396525,0.0011910755333226302,0.001317977352396525,7828.809047456664,0,0,0
1773650700,0.001317977352396525,0.00133244854924003,0.0012341187383276106,0.0012483955718352005,3453.2730662113913,0,0,0
1773651000,0.0012483955718352005,0.0013157572387825257,0.0012333206121998557,0.00131242983723936,7122.471916192967,0,0,0
1773651300,0.00131242983723936,0.00131242983723936,0.0012255629245295928,0.00126910627672154,2775.812894803161,0,0,0
1773651600,0.00126910627672154,0.0012860961513634305,0.001254686170457754,0.0012597540741173965,1987.8432565500204,0,0,0
1773651900,0.0012597540741173965,0.0012645718351944819,0.0012218962630272793,0.0012487677157474197,2867.995920184865,0,0,0
1773652200,0.0012487677157474197,0.0012487677157474197,0.0012083036618266438,0.0012169481034935087,1086.3218756777333,0,0,0
1773652500,0.0012169481034935087,0.0012427963198996018,0.001184331723769038,0.0012048684743722095,4442.60823362569,0,0,0
1773652800,0.0012048684743722095,0.0012207676213420334,0.0010975780141940347,0.0011560759419591057,9684.336538360973,0,0,0
1773653100,0.0011560759419591057,0.0011583281843361639,0.0011189003729126699,0.001137789228161752,3400.9710966902626,0,0,0
1773653400,0.001137789228161752,0.0012181022045184473,0.001118251454685494,0.0011821428968048324,5447.520520000396,0,0,0
1773653700,0.0011821428968048324,0.0012338038980721896,0.0011821428968048324,0.0012338038980721896,3386.7951940835255,0,0,0
1773654000,0.0012338038980721896,0.0012541920928804374,0.0012020814717419103,0.0012295099024914853,2805.211944792109,0,0,0
1773654300,0.0012295099024914853,0.0012295099024914853,0.0011876918516927257,0.0011977549078778875,1212.6288960723386,0,0,0
1773654600,0.0011977549078778875,0.0011977549078778875,0.001127151996128745,0.001151739927893089,3765.731946457192,0,0,0
1773654900,0.001151739927893089,0.0011874534270108939,0.0011449648530266125,0.0011873543775150356,4321.555142892304,0,0,0
1773655200,0.0011873543775150356,0.001200723996125551,0.0011734202814684968,0.0011986578386397368,423.140248440916,0,0,0
1773655500,0.0011986578386397368,0.00122708054011599,0.0011568735301213295,0.001224026399089116,5327.6284488923775,0,0,0
1773655800,0.001224026399089116,0.001224026399089116,0.0011790152506357442,0.0011790152506357442,2205.0778689566437,0,0,0
1773656100,0.0011790152506357442,0.001195902378500185,0.001138192793629168,0.001151495377255162,2251.057480003881,0,0,0
1773656400,0.001151495377255162,0.0011541992727216895,0.0011353776085818567,0.0011531517162940415,223.19972283525942,0,0,0
1773656700,0.0011531517162940415,0.0011741705157897594,0.001098273973038243,0.0011149711013380226,4483.424732745203,0,0,0
1773657000,0.0011149711013380226,0.0011185380688120065,0.0009890205835568853,0.0010346641975654545,14416.345877124808,0,0,0
1773657300,0.0010346641975654545,0.001080657214143342,0.0010111545588420868,0.0010628375665878904,4781.104484311021,0,0,0
1773657600,0.0010628375665878904,0.001113659155235237,0.0010610597826173,0.001113659155235237,2832.8110817590523,0,0,0
1773657900,0.001113659155235237,0.0011417127068433007,0.0010098243848309298,0.0010490215401377009,17978.58062000845,0,0,0
1773658200,0.0010490215401377009,0.0010490215401377009,0.0009680320578084919,0.0010285534348728285,10344.062932356364,0,0,0
1773658500,0.0010285534348728285,0.0010523813851734424,0.000974850455376758,0.000979383751261977,4686.253554394224,0,0,0
1773658800,0.000979383751261977,0.0009965032781586484,0.0008565103453411986,0.000943690032167639,21674.249874795885,0,0,0
1773659100,0.000943690032167639,0.0009469736707188437,0.0008915605372788225,0.0009255668883229172,9902.447534368057,0,0,0
1773659400,0.0009255668883229172,0.0009398935898735496,0.0008653766705424385,0.0008889146484623971,14778.517588672954,0,0,0
1773659700,0.0008889146484623971,0.0009561239774405989,0.0008670340362351114,0.0009362689500589626,13982.866890537885,0,0,0
1773660000,0.0009362689500589626,0.0009746335474793393,0.000935223989679395,0.0009397932703199245,4896.9653047667525,0,0,0
1773660300,0.0009397932703199245,0.001000482637263067,0.0009273031487303275,0.001000482637263067,6724.072530430282,0,0,0
1773660600,0.001000482637263067,0.001000482637263067,0.0009155045114317771,0.0009160352999340219,11133.07811559138,0,0,0
1773660900,0.0009160352999340219,0.0009471277936550654,0.0009160352999340219,0.0009406464154635534,1318.0378274361706,0,0,0
1773661200,0.0009406464154635534,0.0009457300930985985,0.0009092523073472364,0.0009092523073472364,1599.5121385517261,0,0,0
1773661500,0.0009092523073472364,0.0009132000664224852,0.0008805355936444996,0.0009132000664224852,2299.8176332212774,0,0,0
1773661800,0.0009132000664224852,0.0009270280991511343,0.0009022595164615929,0.0009142755578269404,1932.2844723547523,0,0,0
1773662100,0.0009142755578269404,0.0009234645313155341,0.0008693000871287405,0.0009004957152727967,8492.925283841498,0,0,0
1773662400,0.0009004957152727967,0.0009047481181945202,0.0007880272290850407,0.0008583007427178691,8400.62214581836,0,0,0
1773662700,0.0008583007427178691,0.001008770828926879,0.0008432092666046311,0.0009203823940669596,11627.40509633777,0,0,0
1773663000,0.0009203823940669596,0.0009203823940669596,0.0008791619182682445,0.0008811511973898778,1356.0632622749938,0,0,0
1773663300,0.0008811511973898778,0.0008907005312189415,0.0008476999247103895,0.0008735413417889713,3304.5680604550394,0,0,0
1773663600,0.0008735413417889713,0.000875652321909549,0.0008552179034959429,0.0008717393277874577,1575.970127140353,0,0,0
1773663900,0.0008717393277874577,0.0008969347931765858,0.0008587393923487736,0.0008669258542396822,2152.587262311549,0,0,0
1773664200,0.0008669258542396822,0.0008669258542396822,0.0007830918164183877,0.0008005577181706159,9332.294898516257,0,0,0
1773664500,0.0008005577181706159,0.0008042288733904822,0.0007448834861819878,0.00075864315234557,9685.43313082569,0,0,0
1773664800,0.00075864315234557,0.0008233670290189463,0.00075864315234557,0.0008157476435662757,10142.856821134064,0,0,0
1773665100,0.0008157476435662757,0.000823566713363415,0.000761196968709028,0.0007716017661846622,1802.803143623356,0,0,0
1773665400,0.0007716017661846622,0.00079013023579102,0.0007523817727615208,0.0007770107626477889,2378.50300489331,0,0,0
1773665700,0.0007770107626477889,0.0008076734417782315,0.0007770107626477889,0.000794698915938957,1173.514789636943,0,0,0
1773666000,0.000794698915938957,0.0008071006155081443,0.0007806746985935093,0.0007966958289474273,2577.604896757932,0,0,0
1773666300,0.0007966958289474273,0.0008067285651890378,0.0007920307156591625,0.0007958999469564319,457.8060884041569,0,0,0
1773666600,0.0007958999469564319,0.0008687900943784093,0.0007885718039877368,0.0008673496221309294,5369.408687818339,0,0,0
1773666900,0.0008673496221309294,0.0008673496221309294,0.0007227256190331917,0.0007238708623228021,8734.191214644237,0,0,0
1773667200,0.0007238708623228021,0.0007572449863743846,0.0007112843889813707,0.0007317972833353726,5912.662330599782,0,0,0
1773667500,0.0007317972833353726,0.000755128763730244,0.0006977805952629096,0.0007444713554334092,6937.2453131781485,0,0,0
1773667800,0.0007444713554334092,0.0007910349591460057,0.0007309100768872972,0.0007782694007009358,4263.843661148893,0,0,0
1773668100,0.0007782694007009358,0.0007958249346978944,0.0007569253222275844,0.0007845298359229277,3724.627605220211,0,0,0
1773668400,0.0007845298359229277,0.0007915630837373628,0.0007594585813150349,0.0007782208064456768,2957.871435429663,0,0,0
1773668700,0.0007782208064456768,0.0007782208064456768,0.0007303998599674329,0.000771074383831617,5071.791810864944,0,0,0
1773669000,0.000771074383831617,0.000771074383831617,0.0007419682209607862,0.0007419682209607862,2310.5458244686424,0,0,0
1773669300,0.0007419682209607862,0.0007809948410809019,0.0007363357061905472,0.0007597367692016417,6729.7515473772055,0,0,0
1773669600,0.0007597367692016417,0.0007628274871541753,0.0007191475824074238,0.0007408481627631328,6977.87524492436,0,0,0
1773669900,0.0007408481627631328,0.0009743851846759532,0.0007288968750304631,0.0009322621411922201,35528.30908487042,0,0,0
1773670200,0.0009322621411922201,0.0009833905521788395,0.0009029504696463114,0.0009741924537115214,9504.655814913223,0,0,0
1773670500,0.0009741924537115214,0.0010146431970547087,0.0009271532714737044,0.0009691724065061174,16963.81365347004,0,0,0
1773670800,0.0009691724065061174,0.0010052072462218519,0.0009412554787997399,0.00098703953889941,9049.26230642573,0,0,0
1773671100,0.00098703953889941,0.0010785659519250237,0.0009587294091260838,0.0010567279150987487,19997.546671753735,0,0,0
1773671400,0.0010567279150987487,0.0011718029500387853,0.00102754418723724,0.0011085149221426434,36734.65189735902,0,0,0
1773671700,0.0011085149221426434,0.0011891792982673764,0.0010784118951750168,0.0011598631061151574,12858.241050378927,0,0,0
1773672000,0.0011598631061151574,0.0011810971658052288,0.001115305868911795,0.0011647759283666254,11060.730491866885,0,0,0
1773672300,0.0011647759283666254,0.00128157767185221,0.000874745817819484,0.0009945589903720875,71683.84152905767,0,0,0
1773672600,0.0009945589903720875,0.0010207100826673011,0.0009400278142643894,0.0009452297307668402,8511.243117127076,0,0,0